{
  "SharpCoreDB (SQL)": {
    "InsertTime": 0.7054555,
    "InsertOpsPerSec": 141752,
    "ReadTime": 1.0110115,
    "ReadOpsPerSec": 9891,
    "UpdateTime": 1.0511033,
    "UpdateOpsPerSec": 9513,
    "DeleteTime": 2.3794145,
    "DeleteOpsPerSec": 4202
  },
  "SharpCoreDB (Direct)": {
    "InsertTime": 0.4914826,
    "InsertOpsPerSec": 203466,
    "ReadTime": 0.5772949,
    "ReadOpsPerSec": 17322,
    "UpdateTime": 0.9050321,
    "UpdateOpsPerSec": 11049,
    "DeleteTime": 2.3780884,
    "DeleteOpsPerSec": 4205
  },
  "SQLite": {
    "InsertTime": 0.5356745,
    "InsertOpsPerSec": 186680,
    "ReadTime": 0.1012108,
    "ReadOpsPerSec": 98803,
    "UpdateTime": 0.0378915,
    "UpdateOpsPerSec": 263911,
    "DeleteTime": 0.0264688,
    "DeleteOpsPerSec": 377803
  },
  "LiteDB": {
    "InsertTime": 1.1622051,
    "InsertOpsPerSec": 86043,
    "ReadTime": 0.7591875,
    "ReadOpsPerSec": 13171,
    "UpdateTime": 1.0589063,
    "UpdateOpsPerSec": 9443,
    "DeleteTime": 0.7309808,
    "DeleteOpsPerSec": 13680
  }
}