{
  "SharpCoreDB (SQL)": {
    "InsertTime": 0.852686,
    "InsertOpsPerSec": 117276,
    "ReadTime": 0.7253334,
    "ReadOpsPerSec": 13786,
    "UpdateTime": 1.3562251,
    "UpdateOpsPerSec": 7373,
    "DeleteTime": 2.9880711,
    "DeleteOpsPerSec": 3346
  },
  "SharpCoreDB (Direct)": {
    "InsertTime": 0.4736538,
    "InsertOpsPerSec": 211124,
    "ReadTime": 0.3072613,
    "ReadOpsPerSec": 32545,
    "UpdateTime": 0.9509105,
    "UpdateOpsPerSec": 10516,
    "DeleteTime": 2.7624994,
    "DeleteOpsPerSec": 3619
  },
  "SQLite": {
    "InsertTime": 0.5807839,
    "InsertOpsPerSec": 172181,
    "ReadTime": 0.1091291,
    "ReadOpsPerSec": 91634,
    "UpdateTime": 0.0396532,
    "UpdateOpsPerSec": 252186,
    "DeleteTime": 0.0239343,
    "DeleteOpsPerSec": 417810
  },
  "LiteDB": {
    "InsertTime": 1.3281696,
    "InsertOpsPerSec": 75291,
    "ReadTime": 0.8069498,
    "ReadOpsPerSec": 12392,
    "UpdateTime": 1.1557605,
    "UpdateOpsPerSec": 8652,
    "DeleteTime": 0.7624248,
    "DeleteOpsPerSec": 13116
  }
}