{
  "SharpCoreDB (SQL)": {
    "InsertTime": 4.9338589,
    "InsertOpsPerSec": 20268,
    "ReadTime": 0.6590649,
    "ReadOpsPerSec": 15173,
    "UpdateTime": 1.2139676,
    "UpdateOpsPerSec": 8237,
    "DeleteTime": 3.2550122,
    "DeleteOpsPerSec": 3072
  },
  "SharpCoreDB (Direct)": {
    "InsertTime": 4.4578685,
    "InsertOpsPerSec": 22432,
    "ReadTime": 0.3021002,
    "ReadOpsPerSec": 33101,
    "UpdateTime": 1.028179,
    "UpdateOpsPerSec": 9725,
    "DeleteTime": 3.3029021,
    "DeleteOpsPerSec": 3027
  },
  "SQLite": {
    "InsertTime": 0.6210048,
    "InsertOpsPerSec": 161029,
    "ReadTime": 0.1135482,
    "ReadOpsPerSec": 88068,
    "UpdateTime": 0.0409028,
    "UpdateOpsPerSec": 244482,
    "DeleteTime": 0.0281042,
    "DeleteOpsPerSec": 355818
  },
  "LiteDB": {
    "InsertTime": 1.3635488,
    "InsertOpsPerSec": 73338,
    "ReadTime": 0.7918533,
    "ReadOpsPerSec": 12628,
    "UpdateTime": 1.1046138,
    "UpdateOpsPerSec": 9052,
    "DeleteTime": 0.7591344,
    "DeleteOpsPerSec": 13172
  }
}