{
  "SharpCoreDB": {
    "InsertTime": 1.1167593,
    "InsertOpsPerSec": 89544,
    "ReadTime": 1.3907333,
    "ReadOpsPerSec": 7190,
    "UpdateTime": 1.5143481,
    "UpdateOpsPerSec": 6603,
    "DeleteTime": 3.3109493,
    "DeleteOpsPerSec": 3020
  },
  "SQLite": {
    "InsertTime": 0.7678411,
    "InsertOpsPerSec": 130235,
    "ReadTime": 0.1405259,
    "ReadOpsPerSec": 71161,
    "UpdateTime": 0.050185,
    "UpdateOpsPerSec": 199262,
    "DeleteTime": 0.0344733,
    "DeleteOpsPerSec": 290079
  },
  "LiteDB": {
    "InsertTime": 1.3918513,
    "InsertOpsPerSec": 71846,
    "ReadTime": 0.9546118,
    "ReadOpsPerSec": 10475,
    "UpdateTime": 1.2596558,
    "UpdateOpsPerSec": 7938,
    "DeleteTime": 0.9057718,
    "DeleteOpsPerSec": 11040
  }
}