{
  "SharpCoreDB (SQL)": {
    "InsertTime": 0.7603559,
    "InsertOpsPerSec": 131517,
    "ReadTime": 0.3438512,
    "ReadOpsPerSec": 29082,
    "UpdateTime": 0.3678986,
    "UpdateOpsPerSec": 27181,
    "DeleteTime": 0.2935886,
    "DeleteOpsPerSec": 34061
  },
  "SharpCoreDB (Direct)": {
    "InsertTime": 0.4970802,
    "InsertOpsPerSec": 201174,
    "ReadTime": 0.0699969,
    "ReadOpsPerSec": 142863,
    "UpdateTime": 0.3759951,
    "UpdateOpsPerSec": 26596,
    "DeleteTime": 0.1041913,
    "DeleteOpsPerSec": 95977
  },
  "SQLite": {
    "InsertTime": 0.7319534,
    "InsertOpsPerSec": 136620,
    "ReadTime": 0.1152048,
    "ReadOpsPerSec": 86801,
    "UpdateTime": 0.041224,
    "UpdateOpsPerSec": 242577,
    "DeleteTime": 0.0281689,
    "DeleteOpsPerSec": 355001
  },
  "LiteDB": {
    "InsertTime": 1.1878462,
    "InsertOpsPerSec": 84185,
    "ReadTime": 0.7598369,
    "ReadOpsPerSec": 13160,
    "UpdateTime": 1.0197596,
    "UpdateOpsPerSec": 9806,
    "DeleteTime": 0.7110228,
    "DeleteOpsPerSec": 14064
  }
}