{
  "SharpCoreDB": {
    "InsertTime": 0.7843673,
    "InsertOpsPerSec": 127491,
    "ReadTime": 1.0258975,
    "ReadOpsPerSec": 9747,
    "UpdateTime": 1.0914304,
    "UpdateOpsPerSec": 9162,
    "DeleteTime": 2.4872278,
    "DeleteOpsPerSec": 4020
  },
  "SQLite": {
    "InsertTime": 0.5990304,
    "InsertOpsPerSec": 166936,
    "ReadTime": 0.1080599,
    "ReadOpsPerSec": 92541,
    "UpdateTime": 0.0388202,
    "UpdateOpsPerSec": 257597,
    "DeleteTime": 0.0266064,
    "DeleteOpsPerSec": 375849
  },
  "LiteDB": {
    "InsertTime": 1.1660178,
    "InsertOpsPerSec": 85761,
    "ReadTime": 0.7889926,
    "ReadOpsPerSec": 12674,
    "UpdateTime": 1.0839866,
    "UpdateOpsPerSec": 9225,
    "DeleteTime": 0.7725342,
    "DeleteOpsPerSec": 12944
  }
}