{
  "SharpCoreDB": {
    "InsertTime": 0.2460046,
    "InsertOpsPerSec": 81299,
    "ReadTime": 7.9732536,
    "ReadOpsPerSec": 250,
    "UpdateTime": 4.3285698,
    "UpdateOpsPerSec": 462,
    "DeleteTime": 0.5494488,
    "DeleteOpsPerSec": 3640
  },
  "SQLite": {
    "InsertTime": 0.1672788,
    "InsertOpsPerSec": 119560,
    "ReadTime": 0.0250826,
    "ReadOpsPerSec": 79736,
    "UpdateTime": 0.0130678,
    "UpdateOpsPerSec": 153047,
    "DeleteTime": 0.0083473,
    "DeleteOpsPerSec": 239598
  },
  "LiteDB": {
    "InsertTime": 0.5809742,
    "InsertOpsPerSec": 34424,
    "ReadTime": 0.1753793,
    "ReadOpsPerSec": 11403,
    "UpdateTime": 0.3381519,
    "UpdateOpsPerSec": 5914,
    "DeleteTime": 0.1902379,
    "DeleteOpsPerSec": 10513
  }
}