{
  "SharpCoreDB (SQL)": {
    "InsertTime": 4.8959747,
    "InsertOpsPerSec": 20424,
    "ReadTime": 0.6124481,
    "ReadOpsPerSec": 16327,
    "UpdateTime": 1.2830309,
    "UpdateOpsPerSec": 7794,
    "DeleteTime": 3.2658892,
    "DeleteOpsPerSec": 3061
  },
  "SharpCoreDB (Direct)": {
    "InsertTime": 4.5394256,
    "InsertOpsPerSec": 22029,
    "ReadTime": 0.3251024,
    "ReadOpsPerSec": 30759,
    "UpdateTime": 1.0209231,
    "UpdateOpsPerSec": 9795,
    "DeleteTime": 3.2161851,
    "DeleteOpsPerSec": 3109
  },
  "SQLite": {
    "InsertTime": 0.595458,
    "InsertOpsPerSec": 167937,
    "ReadTime": 0.1093736,
    "ReadOpsPerSec": 91429,
    "UpdateTime": 0.0398509,
    "UpdateOpsPerSec": 250935,
    "DeleteTime": 0.0268909,
    "DeleteOpsPerSec": 371873
  },
  "LiteDB": {
    "InsertTime": 1.2380143,
    "InsertOpsPerSec": 80774,
    "ReadTime": 0.8054149,
    "ReadOpsPerSec": 12415,
    "UpdateTime": 1.0675397,
    "UpdateOpsPerSec": 9367,
    "DeleteTime": 0.7725468,
    "DeleteOpsPerSec": 12944
  }
}