{
  "SharpCoreDB (SQL)": {
    "InsertTime": 0.6721455,
    "InsertOpsPerSec": 148777,
    "ReadTime": 0.2796725,
    "ReadOpsPerSec": 35756,
    "UpdateTime": 0.2814205,
    "UpdateOpsPerSec": 35534,
    "DeleteTime": 0.2258073,
    "DeleteOpsPerSec": 44285
  },
  "SharpCoreDB (Direct)": {
    "InsertTime": 0.4244289,
    "InsertOpsPerSec": 235610,
    "ReadTime": 0.0680425,
    "ReadOpsPerSec": 146966,
    "UpdateTime": 0.3384399,
    "UpdateOpsPerSec": 29547,
    "DeleteTime": 0.1044264,
    "DeleteOpsPerSec": 95761
  },
  "SQLite": {
    "InsertTime": 0.7276648,
    "InsertOpsPerSec": 137425,
    "ReadTime": 0.1060632,
    "ReadOpsPerSec": 94283,
    "UpdateTime": 0.0392112,
    "UpdateOpsPerSec": 255029,
    "DeleteTime": 0.0259022,
    "DeleteOpsPerSec": 386067
  },
  "LiteDB": {
    "InsertTime": 1.2511396,
    "InsertOpsPerSec": 79927,
    "ReadTime": 0.7515786,
    "ReadOpsPerSec": 13305,
    "UpdateTime": 1.0656911,
    "UpdateOpsPerSec": 9383,
    "DeleteTime": 0.725099,
    "DeleteOpsPerSec": 13791
  }
}