{
  "SharpCoreDB": {
    "InsertTime": 1.1023178,
    "InsertOpsPerSec": 90717,
    "ReadTime": 1.0965851,
    "ReadOpsPerSec": 9119,
    "UpdateTime": 1.1215436,
    "UpdateOpsPerSec": 8916,
    "DeleteTime": 2.4824967,
    "DeleteOpsPerSec": 4028
  },
  "SQLite": {
    "InsertTime": 0.6130341,
    "InsertOpsPerSec": 163123,
    "ReadTime": 0.111698,
    "ReadOpsPerSec": 89527,
    "UpdateTime": 0.0410868,
    "UpdateOpsPerSec": 243387,
    "DeleteTime": 0.0278009,
    "DeleteOpsPerSec": 359700
  },
  "LiteDB": {
    "InsertTime": 1.3534519,
    "InsertOpsPerSec": 73885,
    "ReadTime": 0.7725016,
    "ReadOpsPerSec": 12944,
    "UpdateTime": 1.0907293,
    "UpdateOpsPerSec": 9168,
    "DeleteTime": 0.7343698,
    "DeleteOpsPerSec": 13617
  }
}