{
  "SharpCoreDB": {
    "InsertTime": 0.7360852,
    "InsertOpsPerSec": 135853,
    "ReadTime": 1.0005704,
    "ReadOpsPerSec": 9994,
    "UpdateTime": 1.0423384,
    "UpdateOpsPerSec": 9593,
    "DeleteTime": 2.3742977,
    "DeleteOpsPerSec": 4211
  },
  "SQLite": {
    "InsertTime": 0.5947886,
    "InsertOpsPerSec": 168126,
    "ReadTime": 0.1019281,
    "ReadOpsPerSec": 98108,
    "UpdateTime": 0.03773,
    "UpdateOpsPerSec": 265041,
    "DeleteTime": 0.0250545,
    "DeleteOpsPerSec": 399129
  },
  "LiteDB": {
    "InsertTime": 1.1211341,
    "InsertOpsPerSec": 89195,
    "ReadTime": 0.7519097,
    "ReadOpsPerSec": 13299,
    "UpdateTime": 1.0579024,
    "UpdateOpsPerSec": 9452,
    "DeleteTime": 0.7125585,
    "DeleteOpsPerSec": 14033
  }
}