{
  "SharpCoreDB (SQL)": {
    "InsertTime": 0.8071141,
    "InsertOpsPerSec": 123898,
    "ReadTime": 0.3163414,
    "ReadOpsPerSec": 31611,
    "UpdateTime": 1.2278994,
    "UpdateOpsPerSec": 8143,
    "DeleteTime": 3.0379073,
    "DeleteOpsPerSec": 3291
  },
  "SharpCoreDB (Direct)": {
    "InsertTime": 0.428081,
    "InsertOpsPerSec": 233600,
    "ReadTime": 0.0628116,
    "ReadOpsPerSec": 159206,
    "UpdateTime": 0.9295936,
    "UpdateOpsPerSec": 10757,
    "DeleteTime": 2.5361122,
    "DeleteOpsPerSec": 3943
  },
  "SQLite": {
    "InsertTime": 0.5538167,
    "InsertOpsPerSec": 180565,
    "ReadTime": 0.1084035,
    "ReadOpsPerSec": 92247,
    "UpdateTime": 0.0404647,
    "UpdateOpsPerSec": 247128,
    "DeleteTime": 0.0271575,
    "DeleteOpsPerSec": 368222
  },
  "LiteDB": {
    "InsertTime": 1.1829289,
    "InsertOpsPerSec": 84535,
    "ReadTime": 0.7745654,
    "ReadOpsPerSec": 12910,
    "UpdateTime": 1.1309831,
    "UpdateOpsPerSec": 8841,
    "DeleteTime": 0.7197492,
    "DeleteOpsPerSec": 13893
  }
}