{
  "SharpCoreDB": {
    "InsertTime": 0.4522161,
    "InsertOpsPerSec": 44226,
    "ReadTime": 21.8658186,
    "ReadOpsPerSec": 91,
    "UpdateTime": 23.5614362,
    "UpdateOpsPerSec": 84,
    "DeleteTime": 22.6771491,
    "DeleteOpsPerSec": 88
  },
  "SQLite": {
    "InsertTime": 0.1736616,
    "InsertOpsPerSec": 115166,
    "ReadTime": 0.0273502,
    "ReadOpsPerSec": 73125,
    "UpdateTime": 0.0132695,
    "UpdateOpsPerSec": 150721,
    "DeleteTime": 0.0083323,
    "DeleteOpsPerSec": 240029
  },
  "LiteDB": {
    "InsertTime": 0.5701851,
    "InsertOpsPerSec": 35076,
    "ReadTime": 0.1746226,
    "ReadOpsPerSec": 11453,
    "UpdateTime": 0.3381386,
    "UpdateOpsPerSec": 5914,
    "DeleteTime": 0.197719,
    "DeleteOpsPerSec": 10115
  }
}